{
    "GlobalVoices-en-fr": {
        "bleu": 18.076776640502253,
        "bleu_stderr": 5.440983221573283,
        "chrf": 0.4499243982118972,
        "chrf_stderr": 0.0410541872266855,
        "comet": 0.7052456110715866
    }
}