{
    "GlobalVoices-en-fr": {
        "bleu": 13.552010136062643,
        "bleu_stderr": 10.741752463942051,
        "chrf": 0.4417993658577493,
        "chrf_stderr": 0.12076155957077542,
        "comet": 0.7333316832780838
    }
}